id,animal,recordDate,weight,appetite,conditionStatus,milkYield,eggCount,woolLength
7,1,2026-02-09,134,normal,healthy,,,
8,1,2026-02-19,150,normal,healthy,10,,
10,2,2026-01-03,490,normal,sick,17.799999237061,,
11,2,2026-01-03,498.60000610352,low,healthy,25.10000038147,,
12,2,2025-08-19,498.10000610352,normal,healthy,30.200000762939,,
13,2,2025-12-26,426.79998779297,high,sick,21.10000038147,,
14,2,2025-07-05,475.70001220703,high,healthy,22,,
15,2,2025-05-16,505,high,healthy,19.299999237061,,
16,2,2026-02-15,436.5,normal,healthy,14.39999961853,,
17,2,2024-07-22,508.29998779297,none,critical,30,,
18,2,2026-01-26,532.59997558594,normal,healthy,22.89999961853,,
19,2,2025-11-27,445.5,normal,healthy,22.299999237061,,
20,2,2024-05-26,425.70001220703,normal,sick,17.700000762939,,
21,2,2024-06-20,480.39999389648,low,healthy,23.799999237061,,
22,2,2024-07-01,498.29998779297,normal,sick,23.89999961853,,
23,2,2025-11-28,429,none,healthy,23.10000038147,,
24,2,2025-06-02,470.60000610352,low,healthy,27.5,,
25,2,2025-08-25,451.39999389648,normal,healthy,17.10000038147,,
26,2,2025-01-11,439.70001220703,high,critical,19.10000038147,,
27,2,2024-06-24,453.29998779297,low,healthy,13.39999961853,,
28,2,2025-12-23,453.5,high,healthy,26.39999961853,,
29,2,2025-12-07,507.79998779297,high,healthy,32.099998474121,,
30,2,2024-08-23,440.79998779297,normal,healthy,20.700000762939,,
31,2,2025-07-21,468.29998779297,none,healthy,20.799999237061,,
32,2,2024-03-25,507.10000610352,normal,healthy,14.10000038147,,
33,2,2025-01-04,496.5,normal,healthy,14.39999961853,,
34,2,2025-04-03,542.5,normal,critical,31.10000038147,,
35,2,2025-10-04,484.89999389648,none,healthy,21.5,,
36,2,2024-02-29,515.90002441406,normal,healthy,19,,
37,2,2024-10-18,482.5,normal,healthy,33.5,,
38,2,2025-04-04,476.79998779297,low,sick,33,,
39,2,2024-05-05,523.09997558594,normal,sick,23.5,,
40,2,2024-03-24,460.89999389648,normal,healthy,19.10000038147,,
41,2,2025-11-22,514.29998779297,normal,critical,18.200000762939,,
42,2,2025-06-04,422.5,none,critical,27.39999961853,,
43,2,2025-01-17,518.90002441406,high,healthy,27.200000762939,,
44,2,2026-01-11,462.10000610352,normal,healthy,27.39999961853,,
45,2,2024-08-13,528.5,low,sick,23.60000038147,,
46,2,2026-01-07,527.20001220703,none,healthy,31.39999961853,,
47,2,2024-06-10,518.29998779297,normal,sick,18.5,,
48,2,2026-01-12,479.79998779297,high,healthy,27.39999961853,,
49,2,2024-09-07,506.5,high,healthy,28.799999237061,,
50,2,2024-07-27,520.29998779297,normal,healthy,34.400001525879,,
51,2,2024-11-25,447.20001220703,high,healthy,23.60000038147,,
52,2,2024-04-25,431.70001220703,normal,healthy,30.10000038147,,
53,2,2025-04-20,519.90002441406,normal,healthy,31.89999961853,,
54,2,2024-07-29,466.20001220703,normal,critical,26.39999961853,,
55,2,2025-09-16,450.5,normal,sick,25.39999961853,,
56,2,2025-04-02,486.5,normal,healthy,30.799999237061,,
57,2,2024-11-25,508.5,normal,healthy,20,,
58,2,2024-03-08,535.09997558594,normal,healthy,12.699999809265,,
59,2,2025-12-28,462,normal,sick,19.700000762939,,
60,3,2024-03-01,546.90002441406,low,healthy,13.60000038147,,
61,3,2024-10-13,449.20001220703,high,healthy,14.60000038147,,
62,3,2024-12-26,495,high,critical,17.5,,
63,3,2025-05-05,461.89999389648,normal,critical,30.5,,
64,3,2026-02-05,515,normal,healthy,25.299999237061,,
65,3,2024-04-30,528.59997558594,normal,healthy,14.300000190735,,
66,3,2025-04-02,544.59997558594,normal,healthy,17.39999961853,,
67,3,2025-08-29,489.10000610352,none,critical,16.10000038147,,
68,3,2024-04-19,434.29998779297,low,healthy,16.200000762939,,
69,3,2025-04-17,498.39999389648,low,sick,31.700000762939,,
70,3,2024-06-09,514.90002441406,high,healthy,28,,
71,3,2024-04-14,495.79998779297,high,sick,27,,
72,3,2024-05-24,477.5,normal,healthy,32.200000762939,,
73,3,2024-06-19,495.79998779297,normal,healthy,28.299999237061,,
74,3,2026-01-31,425.39999389648,high,healthy,27.700000762939,,
75,3,2025-09-19,425.39999389648,normal,healthy,24.39999961853,,
76,3,2024-08-08,453.89999389648,none,healthy,25.60000038147,,
77,3,2024-11-08,480.89999389648,normal,healthy,26.39999961853,,
78,3,2025-04-05,466.39999389648,normal,healthy,21.700000762939,,
79,3,2024-11-09,547.79998779297,none,sick,24.60000038147,,
80,3,2026-01-06,511.60000610352,normal,healthy,20.200000762939,,
81,3,2025-05-02,547.20001220703,normal,healthy,30.700000762939,,
82,3,2024-03-01,489.39999389648,normal,sick,12.60000038147,,
83,3,2024-10-15,463.70001220703,normal,healthy,32.900001525879,,
84,3,2026-01-10,496.20001220703,low,critical,24,,
85,3,2024-08-16,453.29998779297,none,healthy,31.5,,
86,3,2024-08-27,447.70001220703,low,healthy,28.799999237061,,
87,3,2025-06-20,488.39999389648,normal,healthy,19.39999961853,,
88,3,2025-06-22,515.40002441406,normal,healthy,17,,
89,3,2024-02-27,464.39999389648,low,healthy,22.39999961853,,
90,3,2024-09-28,443.5,low,healthy,25.60000038147,,
91,3,2024-08-05,437.10000610352,normal,healthy,12.199999809265,,
92,3,2025-03-21,460.5,high,sick,29,,
93,3,2025-10-25,502.39999389648,normal,healthy,12,,
94,3,2024-07-08,431.60000610352,none,healthy,22.799999237061,,
95,3,2025-08-07,547.20001220703,high,healthy,27.39999961853,,
96,3,2025-09-03,445.10000610352,normal,healthy,21.700000762939,,
97,3,2025-09-19,528,normal,critical,22.700000762939,,
98,3,2025-06-12,468.89999389648,low,critical,19.39999961853,,
99,3,2024-08-27,521.40002441406,normal,critical,25.799999237061,,
100,3,2025-08-08,495.29998779297,high,healthy,29.200000762939,,
101,3,2024-03-16,502,normal,healthy,24.60000038147,,
102,3,2026-02-22,469.29998779297,low,healthy,28.200000762939,,
103,3,2024-09-29,474.39999389648,none,healthy,17.10000038147,,
104,3,2025-09-20,474.89999389648,normal,healthy,28.799999237061,,
105,3,2024-12-25,516,none,healthy,23.700000762939,,
106,3,2025-11-02,454,low,healthy,22.200000762939,,
107,3,2026-01-17,541.79998779297,normal,sick,21.700000762939,,
108,3,2024-09-15,465.10000610352,normal,sick,17.299999237061,,
109,3,2024-07-23,458.70001220703,high,healthy,25.700000762939,,
110,4,2025-08-28,479.29998779297,normal,healthy,34.5,,
111,4,2024-04-16,514.70001220703,low,healthy,28,,
112,4,2025-06-21,500.20001220703,high,healthy,14.10000038147,,
113,4,2025-12-25,440.5,normal,healthy,20.10000038147,,
114,4,2025-10-12,534.59997558594,low,healthy,21.700000762939,,
115,4,2025-06-30,469.89999389648,none,healthy,28,,
116,4,2024-03-05,532.09997558594,normal,healthy,25.5,,
117,4,2025-01-11,427.10000610352,normal,sick,12.800000190735,,
118,4,2024-05-08,472.70001220703,normal,healthy,34.900001525879,,
119,4,2024-07-17,425.29998779297,low,sick,27.60000038147,,
120,4,2024-03-14,530.29998779297,normal,healthy,13.699999809265,,
121,4,2025-06-03,499.60000610352,none,critical,34.200000762939,,
122,4,2024-04-23,512.5,low,sick,29.299999237061,,
123,4,2025-08-06,438.5,low,critical,14.60000038147,,
124,4,2024-09-22,451.20001220703,high,healthy,26.10000038147,,
125,4,2025-05-14,437.20001220703,normal,healthy,26,,
126,4,2026-02-19,448.29998779297,high,healthy,15,,
127,4,2024-10-29,540.40002441406,normal,healthy,15.300000190735,,
128,4,2025-03-06,420.89999389648,normal,sick,21.89999961853,,
129,4,2024-10-26,425.89999389648,normal,critical,18.89999961853,,
130,4,2025-02-22,501.89999389648,normal,healthy,24.10000038147,,
131,4,2024-08-08,459,high,critical,18,,
132,4,2025-04-16,470.10000610352,normal,critical,13.89999961853,,
133,4,2025-04-12,541.5,normal,critical,32.700000762939,,
134,4,2025-02-17,531.40002441406,low,healthy,27.799999237061,,
135,4,2024-06-08,451.79998779297,normal,healthy,22.60000038147,,
136,4,2024-05-27,549.09997558594,normal,sick,25.10000038147,,
137,4,2024-10-01,523.79998779297,low,healthy,22.799999237061,,
138,4,2025-08-14,541.59997558594,low,healthy,16.10000038147,,
139,4,2025-09-28,484.70001220703,low,sick,28.89999961853,,
140,4,2026-01-05,438.20001220703,normal,healthy,27.700000762939,,
141,4,2025-07-05,493.5,low,healthy,21.39999961853,,
142,4,2025-08-31,420.20001220703,normal,healthy,12.300000190735,,
143,4,2024-03-18,525.90002441406,high,healthy,17.299999237061,,
144,4,2025-11-20,547,normal,healthy,33.599998474121,,
145,4,2025-08-13,488.60000610352,low,healthy,19.799999237061,,
146,4,2026-02-21,421,high,healthy,19.200000762939,,
147,4,2025-06-20,520.70001220703,low,sick,34,,
148,4,2025-12-21,495.79998779297,normal,healthy,21.299999237061,,
149,4,2024-11-26,538.29998779297,normal,healthy,16.799999237061,,
150,4,2025-12-10,537,high,healthy,23.39999961853,,
151,4,2024-06-05,527.09997558594,normal,healthy,18,,
152,4,2024-07-27,444.20001220703,normal,healthy,19.60000038147,,
153,4,2026-01-07,464.70001220703,normal,healthy,16.799999237061,,
154,4,2025-05-16,462.5,normal,healthy,18,,
155,4,2025-07-10,523.40002441406,high,sick,29.10000038147,,
156,4,2025-04-26,531.90002441406,high,healthy,15.300000190735,,
157,4,2024-08-27,461.10000610352,normal,healthy,23.60000038147,,
158,4,2025-04-20,500.89999389648,low,healthy,33.599998474121,,
159,4,2024-06-27,465.79998779297,normal,healthy,23,,
160,5,2024-11-15,519,low,healthy,13.699999809265,,
161,5,2024-04-16,477.20001220703,normal,healthy,17.89999961853,,
162,5,2025-09-26,455.10000610352,low,sick,32.099998474121,,
163,5,2024-04-08,431.79998779297,normal,sick,22.200000762939,,
164,5,2024-11-27,522.09997558594,high,critical,22.89999961853,,
165,5,2024-12-22,487.89999389648,low,healthy,27.60000038147,,
166,5,2025-03-26,456,high,healthy,32.799999237061,,
167,5,2024-03-22,436.29998779297,low,healthy,14,,
168,5,2024-10-23,433.5,normal,healthy,22.700000762939,,
169,5,2024-08-28,465.10000610352,normal,healthy,23.60000038147,,
170,5,2025-06-17,448.29998779297,high,healthy,30.60000038147,,
171,5,2025-08-05,545.5,none,healthy,17.89999961853,,
172,5,2025-11-14,542.90002441406,normal,healthy,23,,
173,5,2025-06-14,462.60000610352,normal,critical,33.599998474121,,
174,5,2024-05-18,500.60000610352,normal,healthy,17.60000038147,,
175,5,2025-07-22,518.70001220703,low,healthy,20.89999961853,,
176,5,2025-08-03,453.20001220703,normal,healthy,25.39999961853,,
177,5,2024-07-31,445.10000610352,normal,healthy,20.60000038147,,
178,5,2025-01-10,509.79998779297,low,sick,23,,
179,5,2025-11-23,447.5,normal,sick,24,,
180,5,2025-03-01,538.40002441406,high,healthy,31.299999237061,,
181,5,2025-06-01,462.79998779297,normal,healthy,32.200000762939,,
182,5,2025-07-21,532.29998779297,normal,healthy,18.200000762939,,
183,5,2024-06-28,465.60000610352,normal,healthy,21.39999961853,,
184,5,2025-06-22,481,normal,healthy,14.800000190735,,
185,5,2024-03-30,473.10000610352,high,healthy,29.299999237061,,
186,5,2024-07-26,512.59997558594,high,sick,18.10000038147,,
187,5,2026-01-28,472.20001220703,low,healthy,25.60000038147,,
188,5,2025-10-02,449.79998779297,normal,healthy,24,,
189,5,2025-02-12,423.20001220703,normal,sick,15.199999809265,,
190,5,2025-05-12,492.79998779297,normal,healthy,12.800000190735,,
191,5,2026-01-21,438.20001220703,normal,healthy,15.199999809265,,
192,5,2024-12-08,501.89999389648,normal,sick,26.799999237061,,
193,5,2026-01-16,465.10000610352,normal,sick,17,,
194,5,2024-09-06,424.5,none,sick,27.700000762939,,
195,5,2025-08-18,455,normal,critical,18.10000038147,,
196,5,2025-06-10,548.70001220703,low,healthy,23.89999961853,,
197,5,2025-07-23,541.20001220703,low,healthy,33.200000762939,,
198,5,2025-03-17,498.29998779297,normal,healthy,34.099998474121,,
199,5,2025-06-06,541.20001220703,normal,healthy,26.799999237061,,
200,5,2026-02-21,432,normal,critical,21.299999237061,,
201,5,2025-10-22,505.70001220703,low,sick,16,,
202,5,2025-10-31,457.5,none,critical,30.200000762939,,
203,5,2025-11-04,472.60000610352,normal,healthy,14.699999809265,,
204,5,2024-04-26,451.70001220703,normal,healthy,22.89999961853,,
205,5,2024-11-01,533.90002441406,normal,healthy,27.700000762939,,
206,5,2025-07-29,471.5,high,healthy,23.10000038147,,
207,5,2025-07-08,439.20001220703,low,healthy,12.699999809265,,
208,5,2024-09-18,486.5,normal,healthy,13,,
209,5,2024-05-21,457.60000610352,low,healthy,14.300000190735,,
210,6,2025-09-24,518.5,high,healthy,13.39999961853,,
211,6,2024-07-30,518.90002441406,normal,critical,17.299999237061,,
212,6,2025-04-19,478.39999389648,none,healthy,21.10000038147,,
213,6,2024-12-08,532,normal,sick,25.799999237061,,
214,6,2025-01-01,430.60000610352,normal,healthy,29.299999237061,,
215,6,2025-07-31,442.79998779297,high,healthy,28.700000762939,,
216,6,2024-03-17,509,normal,healthy,30.39999961853,,
217,6,2024-12-07,504.89999389648,normal,healthy,29.700000762939,,
218,6,2025-09-30,512,none,healthy,31.5,,
219,6,2024-11-06,513.59997558594,normal,healthy,19.5,,
220,6,2025-03-19,469.60000610352,normal,healthy,15.89999961853,,
221,6,2024-06-09,521.20001220703,normal,healthy,19.39999961853,,
222,6,2024-06-14,457,low,healthy,31.39999961853,,
223,6,2024-08-29,446.60000610352,low,healthy,14.89999961853,,
224,6,2024-08-30,465.89999389648,normal,healthy,19.700000762939,,
225,6,2024-04-19,502.20001220703,normal,critical,30.700000762939,,
226,6,2025-12-11,430.10000610352,high,healthy,23.39999961853,,
227,6,2026-01-28,512.29998779297,normal,healthy,32.5,,
228,6,2025-06-26,420.5,high,healthy,18.299999237061,,
229,6,2025-10-12,434.10000610352,none,healthy,33.299999237061,,
230,6,2024-04-28,523.90002441406,normal,sick,22.200000762939,,
231,6,2024-09-24,448.79998779297,none,healthy,15.300000190735,,
232,6,2025-12-28,546.29998779297,normal,healthy,32.900001525879,,
233,6,2025-12-20,516.20001220703,normal,sick,15.89999961853,,
234,6,2025-10-11,476.29998779297,normal,sick,28.799999237061,,
235,6,2025-01-27,485.29998779297,low,critical,14.5,,
236,6,2024-10-29,550,high,healthy,15,,
237,6,2025-01-15,471.60000610352,normal,healthy,34,,
238,6,2024-11-10,467.20001220703,low,healthy,30.39999961853,,
239,6,2025-11-17,457.89999389648,high,healthy,26.200000762939,,
240,6,2026-01-25,466.70001220703,normal,healthy,18.299999237061,,
241,6,2024-12-08,448.89999389648,normal,sick,33,,
242,6,2025-07-21,520,none,healthy,17.299999237061,,
243,6,2024-04-23,538.79998779297,low,healthy,34.200000762939,,
244,6,2026-02-25,434.10000610352,normal,healthy,18,,
245,6,2025-10-19,433.29998779297,none,healthy,13.10000038147,,
246,6,2025-04-10,427.79998779297,none,sick,26.60000038147,,
247,6,2026-01-31,455.10000610352,normal,healthy,19.10000038147,,
248,6,2025-07-07,507.70001220703,normal,healthy,33.5,,
249,6,2025-01-02,428.5,normal,sick,19.89999961853,,
250,6,2025-09-11,434.29998779297,low,critical,19.5,,
251,6,2024-10-15,476.29998779297,high,healthy,15.10000038147,,
252,6,2024-08-04,485.39999389648,high,healthy,15.5,,
253,6,2024-08-17,467.10000610352,normal,healthy,13.10000038147,,
254,6,2024-10-28,444.5,none,healthy,33.799999237061,,
255,6,2025-08-16,482.89999389648,normal,healthy,24.200000762939,,
256,6,2024-12-13,474.70001220703,normal,healthy,18,,
257,6,2024-12-09,453.20001220703,normal,healthy,16.5,,
258,6,2025-04-08,501.20001220703,low,healthy,15.10000038147,,
259,6,2025-06-02,476,high,critical,26.60000038147,,
260,7,2025-07-18,77.699996948242,high,healthy,,,7.5
261,7,2025-03-15,86.5,high,healthy,,,5.6999998092651
262,7,2026-01-17,70.099998474121,low,healthy,,,5.9000000953674
263,7,2025-11-27,78.699996948242,low,healthy,,,3.9000000953674
264,7,2025-02-10,67.5,none,healthy,,,9.5
265,7,2025-02-12,71.800003051758,normal,healthy,,,9.3000001907349
266,7,2025-05-20,85,high,sick,,,7.9000000953674
267,7,2025-02-21,86.599998474121,none,healthy,,,8.3000001907349
268,7,2024-10-15,78.400001525879,high,sick,,,7.5999999046326
269,7,2025-09-21,75,high,healthy,,,5.5999999046326
270,7,2026-01-27,68.800003051758,normal,sick,,,8.1999998092651
271,7,2025-07-19,83.099998474121,high,sick,,,7.5
272,7,2025-06-08,67.900001525879,normal,healthy,,,9
273,7,2025-12-06,75.400001525879,normal,healthy,,,6.1999998092651
274,7,2024-06-12,64.800003051758,normal,sick,,,10.5
275,7,2024-12-30,70.400001525879,high,sick,,,7.6999998092651
276,7,2025-11-25,60.5,high,sick,,,11.5
277,7,2025-06-15,87.300003051758,normal,critical,,,11.300000190735
278,7,2024-05-18,80,low,sick,,,9
279,7,2024-04-11,80.300003051758,normal,healthy,,,5.1999998092651
280,7,2025-03-08,80,none,sick,,,4.4000000953674
281,7,2025-07-16,60.799999237061,normal,healthy,,,11.199999809265
282,7,2024-09-29,83,low,healthy,,,8.8000001907349
283,7,2025-05-07,61,normal,healthy,,,6.3000001907349
284,7,2024-09-17,74.5,normal,healthy,,,7.9000000953674
285,7,2026-01-30,75.5,normal,healthy,,,8.1000003814697
286,7,2025-06-19,59.099998474121,high,healthy,,,8.8000001907349
287,7,2025-05-14,58.799999237061,none,healthy,,,5.8000001907349
288,7,2024-10-02,75.699996948242,normal,healthy,,,6.4000000953674
289,7,2024-05-30,65,normal,sick,,,4.6999998092651
290,7,2024-08-22,65.400001525879,low,sick,,,3.5999999046326
291,7,2025-12-08,68.800003051758,normal,sick,,,9.6000003814697
292,7,2025-05-25,80.400001525879,normal,sick,,,7.6999998092651
293,7,2025-04-27,75.199996948242,normal,healthy,,,8.1999998092651
294,7,2025-11-05,59.099998474121,low,healthy,,,5.1999998092651
295,7,2024-08-09,62.599998474121,normal,healthy,,,8.3999996185303
296,7,2025-07-08,83.400001525879,high,sick,,,7.4000000953674
297,7,2025-07-13,61,normal,healthy,,,6.1999998092651
298,7,2024-12-07,89.400001525879,high,healthy,,,11.39999961853
299,7,2025-05-26,60.700000762939,normal,healthy,,,3.9000000953674
300,7,2024-05-02,66.300003051758,normal,healthy,,,7.6999998092651
301,7,2025-03-22,82.800003051758,normal,healthy,,,10.300000190735
302,7,2024-05-06,61.099998474121,low,healthy,,,7
303,7,2024-12-17,78.300003051758,normal,healthy,,,11
304,7,2025-04-30,70.900001525879,low,healthy,,,3.5999999046326
305,7,2025-08-04,64.800003051758,normal,healthy,,,9.8999996185303
306,7,2025-05-28,76.199996948242,low,critical,,,6
307,7,2024-03-13,86.5,normal,sick,,,10.39999961853
308,7,2025-02-05,63,high,healthy,,,11.10000038147
309,7,2024-03-04,66.599998474121,normal,healthy,,,5.3000001907349
310,8,2026-02-01,71.199996948242,none,healthy,,,10.300000190735
311,8,2025-03-28,85.300003051758,low,critical,,,10.800000190735
312,8,2024-12-07,72.400001525879,normal,sick,,,6.0999999046326
313,8,2025-01-02,84.900001525879,normal,sick,,,10.300000190735
314,8,2025-02-28,60.099998474121,low,critical,,,6.6999998092651
315,8,2025-12-27,64.199996948242,low,healthy,,,11.300000190735
316,8,2025-01-10,59.700000762939,normal,sick,,,10.300000190735
317,8,2024-04-03,67.900001525879,low,healthy,,,9.8000001907349
318,8,2025-12-31,61.5,normal,healthy,,,6.3000001907349
319,8,2026-02-03,59.799999237061,high,sick,,,6.9000000953674
320,8,2024-08-20,73.900001525879,normal,healthy,,,3.2999999523163
321,8,2024-12-29,83.699996948242,normal,critical,,,11.199999809265
322,8,2024-09-27,84.099998474121,none,healthy,,,9.5
323,8,2024-10-15,65.599998474121,high,critical,,,6.4000000953674
324,8,2026-02-05,58.200000762939,none,healthy,,,8.6000003814697
325,8,2026-01-15,71,low,healthy,,,11.89999961853
326,8,2025-01-08,86.199996948242,low,critical,,,6.4000000953674
327,8,2025-10-14,83.300003051758,normal,healthy,,,11.5
328,8,2024-07-05,67.300003051758,none,healthy,,,4.6999998092651
329,8,2024-05-31,83.199996948242,normal,healthy,,,6.0999999046326
330,8,2024-04-16,78,normal,sick,,,10.300000190735
331,8,2024-08-08,72.400001525879,none,healthy,,,8.8000001907349
332,8,2025-05-24,88.599998474121,normal,healthy,,,10.199999809265
333,8,2024-03-24,71.400001525879,normal,sick,,,4.1999998092651
334,8,2025-04-29,79.800003051758,high,sick,,,7
335,8,2024-06-18,86.800003051758,none,healthy,,,8.8000001907349
336,8,2024-04-18,80.400001525879,low,healthy,,,4
337,8,2025-09-12,83.400001525879,normal,healthy,,,6
338,8,2025-01-13,83.5,normal,healthy,,,9.6999998092651
339,8,2025-06-23,72.599998474121,normal,critical,,,10.800000190735
340,8,2025-01-26,61.599998474121,none,healthy,,,3.2999999523163
341,8,2026-01-25,61.799999237061,normal,critical,,,7.0999999046326
342,8,2025-05-24,74.800003051758,normal,sick,,,9.6999998092651
343,8,2025-10-05,82.300003051758,normal,sick,,,4
344,8,2025-07-06,66.699996948242,normal,healthy,,,7.5999999046326
345,8,2025-11-02,66,low,healthy,,,6.6999998092651
346,8,2024-12-08,83.900001525879,normal,healthy,,,8.5
347,8,2025-12-17,78.800003051758,none,sick,,,6.5999999046326
348,8,2025-04-13,89.199996948242,normal,critical,,,10.5
349,8,2025-04-07,81.099998474121,normal,healthy,,,5.8000001907349
350,8,2024-05-23,72.900001525879,normal,critical,,,11.199999809265
351,8,2024-12-13,66.599998474121,normal,sick,,,10.10000038147
352,8,2025-07-17,63.200000762939,low,healthy,,,5.9000000953674
353,8,2024-12-17,58.700000762939,normal,healthy,,,7.8000001907349
354,8,2025-09-30,71,normal,sick,,,4.5
355,8,2025-10-24,69.5,normal,healthy,,,10.39999961853
356,8,2025-12-23,89.699996948242,normal,healthy,,,4.5999999046326
357,8,2025-01-24,64.300003051758,normal,healthy,,,8.8999996185303
358,8,2024-06-08,68.699996948242,high,healthy,,,11.60000038147
359,8,2025-03-28,71.300003051758,low,healthy,,,6.0999999046326
360,9,2024-06-30,61.799999237061,high,healthy,,,8.1000003814697
361,9,2025-08-02,81.5,low,sick,,,10.800000190735
362,9,2024-08-25,63.200000762939,normal,healthy,,,10.10000038147
363,9,2025-12-24,59.700000762939,high,critical,,,7.3000001907349
364,9,2024-10-05,59.299999237061,high,healthy,,,9.3999996185303
365,9,2025-06-14,77.800003051758,high,healthy,,,8.1000003814697
366,9,2024-07-19,68.699996948242,normal,healthy,,,8.3000001907349
367,9,2025-11-09,88.900001525879,normal,healthy,,,12
368,9,2024-05-14,73.300003051758,low,healthy,,,7.6999998092651
369,9,2025-09-17,75,none,healthy,,,11.199999809265
370,9,2025-04-15,71.599998474121,low,sick,,,10.10000038147
371,9,2025-05-05,78.800003051758,high,healthy,,,11.10000038147
372,9,2024-05-02,85.300003051758,normal,healthy,,,10.199999809265
373,9,2024-08-14,72.199996948242,none,healthy,,,6.4000000953674
374,9,2025-09-28,87.199996948242,none,critical,,,3.7999999523163
375,9,2025-02-28,64.699996948242,normal,healthy,,,5
376,9,2025-01-15,61.900001525879,none,healthy,,,11.699999809265
377,9,2024-08-10,88.400001525879,normal,healthy,,,3.9000000953674
378,9,2024-10-28,59,high,sick,,,4.3000001907349
379,9,2025-01-28,66.400001525879,normal,healthy,,,6.3000001907349
380,9,2024-08-25,79.400001525879,high,healthy,,,11.199999809265
381,9,2025-08-29,74.199996948242,low,healthy,,,9.3000001907349
382,9,2025-08-16,65.199996948242,normal,critical,,,11.10000038147
383,9,2025-01-11,61.599998474121,low,healthy,,,7.1999998092651
384,9,2025-08-04,58.299999237061,normal,critical,,,6.3000001907349
385,9,2024-06-25,60.700000762939,none,healthy,,,11.800000190735
386,9,2024-07-02,64.900001525879,normal,healthy,,,10.5
387,9,2025-09-27,75,high,healthy,,,9
388,9,2024-10-14,71.5,high,critical,,,10.300000190735
389,9,2025-12-22,58.200000762939,low,sick,,,10
390,9,2025-04-17,84.599998474121,low,sick,,,6.3000001907349
391,9,2025-03-08,68.300003051758,high,sick,,,7.6999998092651
392,9,2025-08-31,78.599998474121,normal,healthy,,,11
393,9,2026-01-12,78.199996948242,none,critical,,,11.89999961853
394,9,2024-02-28,58.599998474121,high,healthy,,,3.4000000953674
395,9,2024-08-01,83.900001525879,normal,critical,,,11
396,9,2025-02-24,84.5,normal,sick,,,8.5
397,9,2024-04-17,84.5,normal,healthy,,,5.6999998092651
398,9,2024-10-11,75.300003051758,normal,healthy,,,11
399,9,2024-07-31,66.199996948242,none,sick,,,5.1999998092651
400,9,2024-06-19,73.5,low,critical,,,5.4000000953674
401,9,2025-05-29,60.200000762939,normal,sick,,,10.5
402,9,2025-03-09,87.099998474121,high,sick,,,6.9000000953674
403,9,2024-04-27,67.599998474121,low,sick,,,10.800000190735
404,9,2024-06-07,80.800003051758,none,sick,,,11.89999961853
405,9,2024-12-21,89.300003051758,high,healthy,,,11.10000038147
406,9,2025-01-12,61.200000762939,low,sick,,,5.9000000953674
407,9,2025-05-25,87.300003051758,normal,healthy,,,11.699999809265
408,9,2025-03-11,73.699996948242,high,healthy,,,11.60000038147
409,9,2024-03-01,61,normal,healthy,,,6
410,10,2025-10-05,89.300003051758,normal,healthy,,,10.39999961853
411,10,2025-02-23,59.299999237061,normal,healthy,,,7.9000000953674
412,10,2024-09-05,60.200000762939,high,healthy,,,11.5
413,10,2025-07-07,82.300003051758,low,critical,,,3.4000000953674
414,10,2025-03-14,66.400001525879,low,healthy,,,6.8000001907349
415,10,2025-08-05,62.099998474121,low,healthy,,,9.8000001907349
416,10,2024-06-08,59.400001525879,normal,healthy,,,5.9000000953674
417,10,2025-04-01,68,normal,healthy,,,10.39999961853
418,10,2024-06-09,84.199996948242,normal,healthy,,,5
419,10,2024-11-23,73.5,normal,healthy,,,7
420,10,2024-12-01,81.800003051758,low,healthy,,,10.199999809265
421,10,2024-08-18,71.199996948242,low,healthy,,,3.5
422,10,2025-09-09,89.699996948242,normal,healthy,,,11.300000190735
423,10,2024-12-23,63.400001525879,high,critical,,,6
424,10,2024-05-05,75.099998474121,none,healthy,,,3.7000000476837
425,10,2024-06-30,86.900001525879,high,healthy,,,11.89999961853
426,10,2024-09-30,75.699996948242,normal,healthy,,,4
427,10,2024-10-12,61.700000762939,normal,healthy,,,10.199999809265
428,10,2025-10-27,71.900001525879,normal,healthy,,,6.9000000953674
429,10,2024-05-07,64.5,normal,critical,,,8.8999996185303
430,10,2025-02-15,77.900001525879,normal,critical,,,4.3000001907349
431,10,2024-07-12,78.199996948242,low,sick,,,6.5999999046326
432,10,2024-05-23,64.300003051758,normal,healthy,,,6.5
433,10,2024-10-08,67.900001525879,normal,healthy,,,9
434,10,2025-12-27,71.300003051758,low,critical,,,4.6999998092651
435,10,2025-12-11,89,normal,sick,,,3.7999999523163
436,10,2025-09-08,87,low,healthy,,,9.8999996185303
437,10,2025-03-15,60.400001525879,none,healthy,,,8.8000001907349
438,10,2024-08-25,84.199996948242,low,sick,,,3.7000000476837
439,10,2025-09-11,87.599998474121,none,sick,,,8.3000001907349
440,10,2025-07-18,82.599998474121,none,healthy,,,10.699999809265
441,10,2025-07-24,87.400001525879,normal,sick,,,8.3000001907349
442,10,2024-09-23,84,none,healthy,,,4.4000000953674
443,10,2025-10-05,75,high,sick,,,6.6999998092651
444,10,2024-05-01,68.199996948242,low,healthy,,,11.89999961853
445,10,2026-02-19,60.599998474121,normal,healthy,,,5.5
446,10,2025-06-27,84.599998474121,high,healthy,,,10.300000190735
447,10,2025-08-05,89.400001525879,high,healthy,,,9.8000001907349
448,10,2024-12-28,78.900001525879,normal,healthy,,,9.8999996185303
449,10,2024-06-17,87.400001525879,high,healthy,,,7.0999999046326
450,10,2024-10-07,61.400001525879,normal,critical,,,6.3000001907349
451,10,2024-02-29,86.199996948242,normal,healthy,,,3.5999999046326
452,10,2024-04-29,70.300003051758,high,sick,,,5.3000001907349
453,10,2024-03-09,63.200000762939,low,sick,,,6.9000000953674
454,10,2024-08-01,77.599998474121,low,healthy,,,5.6999998092651
455,10,2025-04-16,66.699996948242,high,healthy,,,7.3000001907349
456,10,2024-08-05,72.699996948242,none,healthy,,,5.4000000953674
457,10,2026-02-09,68.400001525879,normal,sick,,,7.5999999046326
458,10,2026-02-01,78.300003051758,high,healthy,,,3.2000000476837
459,10,2024-08-23,81.199996948242,normal,healthy,,,11.10000038147
460,11,2024-09-12,88,normal,sick,,,3.2999999523163
461,11,2026-01-27,61.099998474121,normal,healthy,,,9.3000001907349
462,11,2024-07-16,88,normal,healthy,,,10.800000190735
463,11,2024-08-27,62.299999237061,normal,sick,,,5.3000001907349
464,11,2025-11-02,59,normal,healthy,,,6.9000000953674
465,11,2025-08-13,60,normal,healthy,,,3.0999999046326
466,11,2025-11-10,80.599998474121,high,healthy,,,6.1999998092651
467,11,2024-07-07,58.799999237061,normal,healthy,,,4.8000001907349
468,11,2025-07-31,84.800003051758,normal,healthy,,,8.3000001907349
469,11,2024-12-18,64.900001525879,normal,sick,,,5.6999998092651
470,11,2024-03-02,59.900001525879,normal,healthy,,,4.0999999046326
471,11,2025-05-24,74.699996948242,normal,sick,,,7.1999998092651
472,11,2024-03-04,76.300003051758,low,healthy,,,9.8999996185303
473,11,2024-07-23,80,high,healthy,,,8.8999996185303
474,11,2024-07-07,61.900001525879,high,healthy,,,6.5999999046326
475,11,2024-05-23,65,normal,healthy,,,8.6000003814697
476,11,2025-07-17,79.699996948242,normal,healthy,,,5.5999999046326
477,11,2025-05-07,63.099998474121,normal,healthy,,,7.0999999046326
478,11,2024-04-02,70.5,high,healthy,,,7
479,11,2025-11-12,71,normal,sick,,,3.5
480,11,2024-03-22,79.300003051758,normal,healthy,,,6.0999999046326
481,11,2025-06-17,80.699996948242,normal,healthy,,,6.1999998092651
482,11,2024-11-10,63.799999237061,none,healthy,,,8.5
483,11,2025-11-13,86.199996948242,none,healthy,,,4.6999998092651
484,11,2025-07-19,87.900001525879,low,healthy,,,10.60000038147
485,11,2025-11-28,60.900001525879,high,healthy,,,6.5999999046326
486,11,2024-12-09,85.099998474121,normal,healthy,,,5.6999998092651
487,11,2024-03-20,88.599998474121,low,healthy,,,10.199999809265
488,11,2025-01-09,71.400001525879,normal,sick,,,6.9000000953674
489,11,2024-03-07,78.599998474121,normal,healthy,,,11
490,11,2025-03-21,79.400001525879,none,healthy,,,7.9000000953674
491,11,2024-10-08,84.900001525879,high,healthy,,,5.8000001907349
492,11,2025-11-10,83.400001525879,normal,healthy,,,7.6999998092651
493,11,2024-04-05,63.700000762939,high,sick,,,7.4000000953674
494,11,2025-08-09,86.5,normal,healthy,,,7.5999999046326
495,11,2025-11-24,61.200000762939,high,healthy,,,11.699999809265
496,11,2026-01-29,67.5,normal,critical,,,10
497,11,2024-04-07,70.5,high,healthy,,,10.199999809265
498,11,2024-09-30,61.799999237061,normal,healthy,,,10.60000038147
499,11,2026-01-22,80.400001525879,normal,sick,,,7.8000001907349
500,11,2025-03-09,84.400001525879,normal,sick,,,6
501,11,2026-01-17,67,normal,healthy,,,11.89999961853
502,11,2024-04-19,79.5,normal,sick,,,7.8000001907349
503,11,2025-11-18,60.200000762939,none,healthy,,,7.8000001907349
504,11,2025-08-26,79.199996948242,normal,sick,,,6.6999998092651
505,11,2024-12-06,84,normal,sick,,,11.699999809265
506,11,2024-12-05,63.599998474121,high,healthy,,,4.5
507,11,2024-05-23,86.800003051758,low,healthy,,,6.6999998092651
508,11,2025-08-25,59.099998474121,normal,critical,,,7.3000001907349
509,11,2025-01-11,70.300003051758,normal,healthy,,,6.5999999046326
510,12,2024-04-13,54.5,normal,healthy,2.2000000476837,,
511,12,2025-03-02,50.400001525879,normal,healthy,3.7999999523163,,
512,12,2024-05-24,54.799999237061,low,healthy,7.1999998092651,,
513,12,2025-06-27,41.700000762939,normal,healthy,4.1999998092651,,
514,12,2025-12-12,52.5,low,healthy,7,,
515,12,2025-09-05,61.299999237061,low,healthy,6.6999998092651,,
516,12,2024-09-04,50.400001525879,normal,healthy,2.7000000476837,,
517,12,2026-02-25,59.400001525879,normal,healthy,4.0999999046326,,
518,12,2025-12-04,55.900001525879,normal,critical,6.3000001907349,,
519,12,2024-08-09,62.299999237061,normal,sick,6.0999999046326,,
520,12,2026-01-02,49.900001525879,normal,healthy,3.5999999046326,,
521,12,2026-01-28,51.5,low,sick,7.4000000953674,,
522,12,2024-04-11,69.400001525879,high,healthy,3.0999999046326,,
523,12,2025-04-20,58,low,sick,7.8000001907349,,
524,12,2025-06-29,63,low,sick,7.5,,
525,12,2024-04-08,68.599998474121,none,sick,4.3000001907349,,
526,12,2025-04-25,67.800003051758,normal,healthy,5.0999999046326,,
527,12,2025-10-15,50.900001525879,normal,healthy,4,,
528,12,2024-03-08,68.099998474121,low,sick,7.5999999046326,,
529,12,2025-10-01,46.200000762939,normal,healthy,4.3000001907349,,
530,12,2025-06-22,55.900001525879,normal,healthy,6.5999999046326,,
531,12,2025-08-20,69.800003051758,high,critical,2.7999999523163,,
532,12,2024-06-29,63.200000762939,normal,healthy,5.3000001907349,,
533,12,2025-10-21,46.299999237061,normal,critical,3.7999999523163,,
534,12,2025-01-17,66.800003051758,low,healthy,4,,
535,12,2024-11-13,45.799999237061,high,healthy,7.6999998092651,,
536,12,2024-04-29,61.5,low,healthy,7.3000001907349,,
537,12,2025-10-08,48.700000762939,low,healthy,6.4000000953674,,
538,12,2025-08-23,42.599998474121,normal,healthy,4.8000001907349,,
539,12,2026-01-05,68,normal,healthy,7.9000000953674,,
540,12,2025-02-09,59.599998474121,normal,healthy,5.5,,
541,12,2025-07-05,65.599998474121,normal,critical,7,,
542,12,2025-07-17,41.299999237061,normal,healthy,7.5999999046326,,
543,12,2024-12-16,45.099998474121,high,sick,5.4000000953674,,
544,12,2024-12-21,47.799999237061,normal,sick,7.1999998092651,,
545,12,2024-11-09,59.400001525879,normal,healthy,4.8000001907349,,
546,12,2024-03-21,52.900001525879,normal,critical,7.4000000953674,,
547,12,2024-10-02,64.5,none,healthy,3.9000000953674,,
548,12,2025-09-07,46.700000762939,normal,healthy,6.1999998092651,,
549,12,2025-06-06,60.799999237061,normal,sick,7.6999998092651,,
550,12,2025-08-16,55,normal,healthy,7.4000000953674,,
551,12,2025-02-17,65.5,low,healthy,7.5999999046326,,
552,12,2024-11-30,49,normal,healthy,5.5999999046326,,
553,12,2025-12-31,57.799999237061,low,sick,2.7999999523163,,
554,12,2025-12-24,40.799999237061,low,healthy,6.0999999046326,,
555,12,2024-11-24,43.200000762939,normal,critical,5.6999998092651,,
556,12,2025-06-25,65.199996948242,high,healthy,5.1999998092651,,
557,12,2025-05-15,51.200000762939,normal,healthy,5.5,,
558,12,2024-05-05,63.799999237061,normal,sick,5.5999999046326,,
559,12,2025-05-13,45.099998474121,normal,sick,3,,
560,13,2025-07-22,40.5,high,sick,7.1999998092651,,
561,13,2024-09-27,67.5,normal,healthy,4.6999998092651,,
562,13,2025-01-10,53.700000762939,normal,healthy,3.4000000953674,,
563,13,2025-06-12,42.200000762939,normal,healthy,5.5,,
564,13,2024-02-27,47.700000762939,normal,healthy,5.5999999046326,,
565,13,2024-04-11,66.300003051758,normal,healthy,3.5,,
566,13,2024-10-20,59.099998474121,high,sick,7.6999998092651,,
567,13,2025-12-01,61.799999237061,normal,healthy,2.5,,
568,13,2024-06-03,42.799999237061,low,healthy,5.9000000953674,,
569,13,2025-12-09,57.5,normal,healthy,3.7000000476837,,
570,13,2024-08-21,68.699996948242,normal,healthy,7.6999998092651,,
571,13,2024-10-20,55.5,normal,healthy,4.5,,
572,13,2025-04-02,70,normal,healthy,2.7000000476837,,
573,13,2024-04-04,52,high,healthy,4.0999999046326,,
574,13,2025-12-21,51.599998474121,normal,healthy,7.0999999046326,,
575,13,2024-09-14,42.5,normal,critical,3.2999999523163,,
576,13,2025-12-21,64.400001525879,low,healthy,3.7999999523163,,
577,13,2024-05-24,55.200000762939,low,critical,7.6999998092651,,
578,13,2024-03-02,43.299999237061,normal,healthy,7.4000000953674,,
579,13,2024-04-27,66.800003051758,low,critical,5,,
580,13,2024-09-17,42.599998474121,normal,healthy,6.6999998092651,,
581,13,2025-01-01,55.299999237061,low,healthy,5.3000001907349,,
582,13,2024-04-09,41.5,normal,critical,5.5999999046326,,
583,13,2025-12-14,60.599998474121,high,healthy,5.5999999046326,,
584,13,2025-09-17,48.799999237061,low,healthy,4.3000001907349,,
585,13,2025-05-06,66.699996948242,normal,healthy,6.8000001907349,,
586,13,2025-02-12,45.400001525879,normal,healthy,7.3000001907349,,
587,13,2024-05-19,63,high,healthy,4.6999998092651,,
588,13,2025-03-24,68.800003051758,normal,healthy,6.5,,
589,13,2025-11-30,51.099998474121,normal,healthy,3.2999999523163,,
590,13,2025-12-27,62.799999237061,normal,healthy,5.4000000953674,,
591,13,2025-02-11,67,none,critical,2.5,,
592,13,2025-02-13,49.400001525879,high,healthy,5.5999999046326,,
593,13,2024-12-10,47.099998474121,normal,healthy,5.5999999046326,,
594,13,2025-01-25,68,high,healthy,6.9000000953674,,
595,13,2024-03-27,49.799999237061,low,sick,6,,
596,13,2024-04-02,63.299999237061,high,sick,7.9000000953674,,
597,13,2025-03-28,50.599998474121,normal,sick,3.2999999523163,,
598,13,2025-03-12,62.099998474121,normal,healthy,3.9000000953674,,
599,13,2024-12-26,68.400001525879,none,healthy,5.1999998092651,,
600,13,2025-06-13,45.200000762939,low,healthy,3.4000000953674,,
601,13,2025-02-03,69.400001525879,normal,healthy,2.5,,
602,13,2024-12-07,64,high,healthy,6.9000000953674,,
603,13,2024-10-12,69.400001525879,low,healthy,6.1999998092651,,
604,13,2024-08-18,61.599998474121,normal,healthy,2.7999999523163,,
605,13,2025-04-28,60.400001525879,high,sick,2.9000000953674,,
606,13,2024-12-29,53.599998474121,normal,healthy,7.1999998092651,,
607,13,2025-04-07,58.900001525879,low,healthy,5.3000001907349,,
608,13,2025-11-19,40.900001525879,low,healthy,2.2000000476837,,
609,13,2025-09-27,67.900001525879,high,healthy,6,,
610,14,2025-07-12,56.400001525879,low,healthy,3.5,,
611,14,2025-08-08,58.900001525879,normal,healthy,5.3000001907349,,
612,14,2024-11-19,55.900001525879,low,healthy,5.4000000953674,,
613,14,2025-05-28,44.5,normal,healthy,5.5,,
614,14,2024-06-17,54.200000762939,low,sick,3.0999999046326,,
615,14,2024-10-15,66.5,normal,healthy,7.4000000953674,,
616,14,2024-05-05,64.699996948242,normal,healthy,4.1999998092651,,
617,14,2025-08-04,49.700000762939,low,sick,7.9000000953674,,
618,14,2025-07-02,61,normal,healthy,7.8000001907349,,
619,14,2025-06-22,63.599998474121,none,healthy,2.5999999046326,,
620,14,2026-02-08,64.300003051758,none,healthy,5.1999998092651,,
621,14,2025-11-12,44.200000762939,normal,critical,6.8000001907349,,
622,14,2025-08-20,66.5,normal,healthy,6.4000000953674,,
623,14,2026-01-11,43.700000762939,normal,sick,6.6999998092651,,
624,14,2025-04-19,64.300003051758,low,healthy,6.1999998092651,,
625,14,2025-07-27,51.099998474121,none,sick,6.5999999046326,,
626,14,2024-11-04,68.699996948242,low,healthy,6.3000001907349,,
627,14,2024-06-15,43.5,high,sick,2.2000000476837,,
628,14,2024-11-07,45.299999237061,none,healthy,6.6999998092651,,
629,14,2024-12-31,56.099998474121,none,healthy,7.5999999046326,,
630,14,2025-10-28,41.299999237061,low,healthy,3.2000000476837,,
631,14,2025-01-12,46.599998474121,normal,healthy,8,,
632,14,2024-11-28,43.799999237061,low,healthy,6.8000001907349,,
633,14,2024-08-25,50.900001525879,normal,sick,7.0999999046326,,
634,14,2025-11-24,42.900001525879,high,healthy,5.6999998092651,,
635,14,2024-12-31,40.400001525879,normal,healthy,2.5,,
636,14,2024-12-12,62.400001525879,none,healthy,3.2999999523163,,
637,14,2024-06-13,59,normal,healthy,7.9000000953674,,
638,14,2025-04-20,45.400001525879,normal,healthy,7.9000000953674,,
639,14,2025-09-19,44,high,healthy,4.0999999046326,,
640,14,2024-09-16,56.700000762939,normal,healthy,2.2000000476837,,
641,14,2026-01-26,43.599998474121,normal,critical,4.9000000953674,,
642,14,2025-03-17,67.900001525879,normal,healthy,7.5999999046326,,
643,14,2024-10-18,58.5,high,healthy,6.4000000953674,,
644,14,2025-01-05,59,normal,healthy,5.4000000953674,,
645,14,2024-11-11,56.299999237061,low,healthy,2.2000000476837,,
646,14,2025-07-03,56.099998474121,low,critical,5.8000001907349,,
647,14,2025-07-30,56.599998474121,low,sick,4.5,,
648,14,2024-12-20,62,low,healthy,4.8000001907349,,
649,14,2024-11-13,64.900001525879,normal,healthy,4.6999998092651,,
650,14,2025-05-26,56,normal,healthy,7.5,,
651,14,2025-08-01,59.799999237061,normal,healthy,6.0999999046326,,
652,14,2024-06-19,44.700000762939,normal,sick,3.2000000476837,,
653,14,2024-11-04,59.599998474121,normal,healthy,7.9000000953674,,
654,14,2025-10-30,66,low,healthy,5.5,,
655,14,2026-01-18,55.299999237061,normal,healthy,7.6999998092651,,
656,14,2025-03-10,56.799999237061,normal,healthy,4.6999998092651,,
657,14,2024-04-01,52,high,healthy,3.2999999523163,,
658,14,2025-02-28,64.800003051758,normal,sick,7,,
659,14,2024-04-15,44.299999237061,none,healthy,2.9000000953674,,
660,15,2025-10-14,54.299999237061,low,sick,3.7000000476837,,
661,15,2025-11-15,65.400001525879,low,healthy,3.5999999046326,,
662,15,2024-09-15,64.099998474121,low,sick,5.0999999046326,,
663,15,2025-10-10,51.299999237061,normal,healthy,3.5,,
664,15,2024-04-11,68.400001525879,none,sick,6.6999998092651,,
665,15,2024-06-23,64.800003051758,normal,healthy,2.5999999046326,,
666,15,2024-09-18,49.400001525879,normal,healthy,3,,
667,15,2024-12-10,56,low,healthy,5.0999999046326,,
668,15,2024-08-08,49.599998474121,normal,healthy,2.2999999523163,,
669,15,2025-10-20,61.200000762939,high,sick,4.5999999046326,,
670,15,2025-01-28,51.200000762939,normal,healthy,6.6999998092651,,
671,15,2024-12-04,61.599998474121,low,healthy,6.5999999046326,,
672,15,2024-03-09,59.299999237061,normal,healthy,3.7999999523163,,
673,15,2025-08-18,51.700000762939,high,healthy,7.1999998092651,,
674,15,2025-07-23,66.800003051758,normal,healthy,3.7000000476837,,
675,15,2024-07-19,45.099998474121,normal,healthy,2.2999999523163,,
676,15,2025-09-12,69.800003051758,normal,healthy,4.0999999046326,,
677,15,2025-04-09,44.400001525879,normal,healthy,7.0999999046326,,
678,15,2025-05-20,51.5,low,healthy,2.7999999523163,,
679,15,2024-11-19,62.599998474121,low,healthy,6.6999998092651,,
680,15,2024-10-24,40.299999237061,high,healthy,6.5999999046326,,
681,15,2025-07-30,44.400001525879,low,critical,7.4000000953674,,
682,15,2024-07-01,52.700000762939,normal,sick,4.4000000953674,,
683,15,2025-03-31,41.700000762939,none,healthy,4.6999998092651,,
684,15,2024-05-16,43.799999237061,none,healthy,3.0999999046326,,
685,15,2024-10-07,67.400001525879,normal,healthy,7,,
686,15,2025-09-07,59.700000762939,normal,critical,7.5,,
687,15,2024-07-15,48.400001525879,none,healthy,3.2000000476837,,
688,15,2024-03-27,45.400001525879,high,healthy,5.6999998092651,,
689,15,2025-03-28,53.900001525879,none,healthy,5.8000001907349,,
690,15,2025-07-01,61.700000762939,normal,healthy,2.9000000953674,,
691,15,2024-09-01,47.299999237061,none,healthy,3.2000000476837,,
692,15,2025-07-09,69,low,healthy,2.2000000476837,,
693,15,2025-01-16,60.200000762939,normal,healthy,3.5,,
694,15,2024-06-26,52.900001525879,normal,critical,5.8000001907349,,
695,15,2025-04-16,47.900001525879,high,healthy,4.5,,
696,15,2025-09-10,66.599998474121,low,healthy,8,,
697,15,2024-06-04,49.700000762939,high,healthy,6.6999998092651,,
698,15,2025-04-24,62.200000762939,normal,critical,3.9000000953674,,
699,15,2024-07-11,43.900001525879,normal,healthy,5.5999999046326,,
700,15,2026-01-21,53.700000762939,high,healthy,3.0999999046326,,
701,15,2024-03-30,46.900001525879,normal,sick,6.9000000953674,,
702,15,2024-06-19,63.900001525879,normal,sick,7.4000000953674,,
703,15,2024-04-03,41.700000762939,normal,critical,5.0999999046326,,
704,15,2024-09-22,40.599998474121,none,healthy,5.8000001907349,,
705,15,2025-12-17,57.099998474121,normal,healthy,6.9000000953674,,
706,15,2024-08-17,51.299999237061,normal,sick,5.1999998092651,,
707,15,2026-01-31,57.799999237061,low,healthy,3.0999999046326,,
708,15,2025-08-25,61.200000762939,low,sick,4.0999999046326,,
709,15,2024-12-27,65.300003051758,normal,sick,6.0999999046326,,
710,16,2024-03-03,66.699996948242,normal,healthy,7.5999999046326,,
711,16,2024-10-23,56.700000762939,low,healthy,4.6999998092651,,
712,16,2024-08-03,57.400001525879,normal,healthy,4.1999998092651,,
713,16,2024-06-28,41.799999237061,low,sick,6,,
714,16,2024-05-10,54.799999237061,low,healthy,5.9000000953674,,
715,16,2026-01-05,52,low,sick,4,,
716,16,2025-04-08,46.5,low,healthy,4.8000001907349,,
717,16,2024-05-01,44.200000762939,none,healthy,2.2999999523163,,
718,16,2025-12-15,50.299999237061,normal,healthy,7.8000001907349,,
719,16,2024-09-05,63.099998474121,normal,sick,4.0999999046326,,
720,16,2025-10-20,65.5,low,healthy,3.2000000476837,,
721,16,2024-07-21,51.599998474121,normal,healthy,6.6999998092651,,
722,16,2025-02-27,44.200000762939,high,healthy,3.9000000953674,,
723,16,2024-06-08,50,high,healthy,6.5,,
724,16,2025-01-03,58.200000762939,normal,sick,6.0999999046326,,
725,16,2025-09-14,42.900001525879,low,sick,4.4000000953674,,
726,16,2024-09-29,49.5,normal,healthy,6.1999998092651,,
727,16,2025-09-07,42,normal,critical,7.5,,
728,16,2024-10-17,59.799999237061,normal,healthy,6.6999998092651,,
729,16,2024-04-01,53,normal,healthy,3.2999999523163,,
730,16,2025-05-25,47.900001525879,high,healthy,2.0999999046326,,
731,16,2024-09-14,57.799999237061,low,healthy,4.5,,
732,16,2024-12-13,63.200000762939,high,critical,6,,
733,16,2025-05-05,41.5,high,healthy,7.5999999046326,,
734,16,2024-11-23,50.900001525879,none,healthy,7,,
735,16,2024-12-13,55.5,low,healthy,3.2000000476837,,
736,16,2025-11-26,40.200000762939,normal,healthy,4.8000001907349,,
737,16,2025-03-01,41.599998474121,low,sick,3.5999999046326,,
738,16,2025-10-24,41.700000762939,low,sick,3.0999999046326,,
739,16,2024-07-13,55.299999237061,high,healthy,7.4000000953674,,
740,16,2025-05-22,45.799999237061,low,healthy,2.7000000476837,,
741,16,2026-01-16,67.5,normal,healthy,4.8000001907349,,
742,16,2025-07-31,41.200000762939,normal,healthy,7.9000000953674,,
743,16,2025-12-10,57.400001525879,normal,healthy,3.2000000476837,,
744,16,2025-04-22,55.599998474121,normal,healthy,4.5999999046326,,
745,16,2024-05-03,47.5,normal,sick,6.4000000953674,,
746,16,2026-01-11,43.900001525879,normal,critical,3.7999999523163,,
747,16,2024-10-17,55.099998474121,normal,sick,6.5,,
748,16,2025-08-05,44.200000762939,low,sick,5.9000000953674,,
749,16,2024-09-27,58.099998474121,low,healthy,5.0999999046326,,
750,16,2024-10-29,63.200000762939,low,healthy,6.3000001907349,,
751,16,2025-05-11,64.699996948242,none,healthy,7.9000000953674,,
752,16,2025-02-28,55.299999237061,high,sick,5.1999998092651,,
753,16,2025-03-31,60.099998474121,none,critical,5.5,,
754,16,2025-10-08,46.5,normal,sick,6.9000000953674,,
755,16,2025-03-21,67.099998474121,high,sick,7.3000001907349,,
756,16,2024-05-26,62.400001525879,high,healthy,2.0999999046326,,
757,16,2025-08-19,48.299999237061,normal,healthy,2.0999999046326,,
758,16,2024-12-28,66.099998474121,normal,healthy,3.7000000476837,,
759,16,2025-11-30,63.200000762939,normal,healthy,4.9000000953674,,
760,17,2024-06-30,3.2999999523163,none,sick,,25,
761,17,2024-04-07,2.5,normal,healthy,,8,
762,17,2026-01-16,3.5,low,sick,,16,
763,17,2024-04-30,2.5,high,healthy,,16,
764,17,2025-11-17,2.5999999046326,none,sick,,28,
765,17,2025-04-15,2.7999999523163,low,healthy,,20,
766,17,2024-03-07,2.4000000953674,normal,sick,,8,
767,17,2025-09-08,3.4000000953674,high,healthy,,20,
768,17,2025-10-18,2.2999999523163,normal,healthy,,11,
769,17,2025-09-20,2.7000000476837,low,healthy,,21,
770,17,2024-05-19,3,low,healthy,,20,
771,17,2024-03-17,3.7999999523163,high,healthy,,18,
772,17,2025-08-06,3.5,normal,critical,,27,
773,17,2025-01-06,2.5,normal,sick,,15,
774,17,2025-03-29,2.2999999523163,none,healthy,,16,
775,17,2025-10-03,3.2999999523163,low,healthy,,22,
776,17,2024-06-15,2.4000000953674,high,sick,,23,
777,17,2025-06-09,3.2000000476837,none,healthy,,21,
778,17,2024-06-10,2.7000000476837,high,healthy,,5,
779,17,2026-01-16,2.5,low,healthy,,9,
780,17,2025-07-23,3.7000000476837,low,healthy,,5,
781,17,2025-04-09,2.5,normal,healthy,,16,
782,17,2025-10-23,3.0999999046326,high,healthy,,12,
783,17,2024-03-24,3.7999999523163,high,healthy,,19,
784,17,2025-01-31,3.7000000476837,high,healthy,,7,
785,17,2025-10-15,3.2000000476837,normal,healthy,,17,
786,17,2025-05-04,3.0999999046326,normal,healthy,,20,
787,17,2024-03-22,3.7000000476837,none,sick,,24,
788,17,2024-07-29,3.2000000476837,normal,healthy,,18,
789,17,2024-04-19,3.7999999523163,high,healthy,,7,
790,17,2025-05-14,3.2999999523163,normal,critical,,11,
791,17,2025-04-28,2.5999999046326,high,sick,,22,
792,17,2025-12-07,2.9000000953674,low,healthy,,14,
793,17,2026-02-08,3.7999999523163,low,critical,,17,
794,17,2024-11-12,3.2999999523163,normal,healthy,,18,
795,17,2024-06-23,3.0999999046326,normal,healthy,,12,
796,17,2025-06-25,3.5,none,healthy,,14,
797,17,2025-01-24,3.0999999046326,normal,healthy,,16,
798,17,2024-03-17,3,normal,healthy,,11,
799,17,2025-05-23,2.4000000953674,normal,healthy,,19,
800,17,2025-02-12,3.5999999046326,normal,sick,,29,
801,17,2025-02-01,3.2999999523163,none,sick,,25,
802,17,2024-05-07,2.2000000476837,normal,sick,,22,
803,17,2025-07-27,2.7000000476837,low,healthy,,11,
804,17,2025-10-10,2.5,normal,healthy,,10,
805,17,2025-01-03,2.5999999046326,normal,healthy,,17,
806,17,2024-08-06,2.7999999523163,normal,healthy,,8,
807,17,2024-12-03,3.2999999523163,normal,healthy,,10,
808,17,2026-01-07,3.2999999523163,high,sick,,13,
809,17,2025-06-09,3.5,none,healthy,,14,
810,18,2024-12-26,3.4000000953674,low,healthy,,24,
811,18,2026-01-24,3.5999999046326,high,healthy,,9,
812,18,2024-06-16,3.2999999523163,none,sick,,8,
813,18,2025-08-26,3.5,normal,healthy,,24,
814,18,2024-07-28,3.2000000476837,normal,healthy,,22,
815,18,2025-01-08,3.4000000953674,none,healthy,,18,
816,18,2025-07-02,3.7999999523163,high,healthy,,14,
817,18,2024-11-02,2.4000000953674,low,healthy,,21,
818,18,2024-07-31,3.7999999523163,normal,healthy,,21,
819,18,2025-07-14,3.2000000476837,high,critical,,15,
820,18,2026-01-10,2.4000000953674,normal,healthy,,22,
821,18,2024-08-28,3.2999999523163,high,healthy,,12,
822,18,2024-03-29,3.5999999046326,normal,healthy,,28,
823,18,2024-08-31,3.5999999046326,normal,healthy,,9,
824,18,2024-08-12,2.7999999523163,normal,healthy,,13,
825,18,2025-05-25,3.5,high,healthy,,25,
826,18,2025-07-11,2.5,low,sick,,24,
827,18,2025-09-24,3.4000000953674,high,healthy,,14,
828,18,2024-05-14,2.7000000476837,low,healthy,,24,
829,18,2025-12-28,2.4000000953674,normal,healthy,,15,
830,18,2026-01-27,3.5999999046326,normal,critical,,20,
831,18,2025-06-28,3.5,high,healthy,,26,
832,18,2025-10-23,2.7000000476837,high,healthy,,25,
833,18,2025-02-06,2.5,normal,healthy,,28,
834,18,2024-09-13,3.5,low,sick,,19,
835,18,2025-03-12,3.2000000476837,normal,healthy,,9,
836,18,2025-01-23,2.5999999046326,normal,critical,,11,
837,18,2025-06-27,3.7000000476837,normal,healthy,,14,
838,18,2025-08-07,2.5,high,healthy,,23,
839,18,2024-11-28,3.7000000476837,normal,healthy,,7,
840,18,2024-12-24,3.2999999523163,normal,critical,,29,
841,18,2025-12-03,3.0999999046326,normal,healthy,,18,
842,18,2024-04-27,3.7000000476837,none,critical,,24,
843,18,2025-12-19,2.4000000953674,normal,sick,,25,
844,18,2025-02-03,2.5999999046326,normal,healthy,,6,
845,18,2024-06-24,2.2000000476837,normal,healthy,,18,
846,18,2024-06-23,3.0999999046326,normal,sick,,27,
847,18,2025-08-01,3.2999999523163,normal,healthy,,21,
848,18,2024-05-06,3.0999999046326,high,critical,,19,
849,18,2024-06-13,3.0999999046326,normal,healthy,,8,
850,18,2024-11-20,3.4000000953674,none,healthy,,21,
851,18,2025-04-11,2.5999999046326,low,healthy,,24,
852,18,2025-03-19,2.2999999523163,none,healthy,,6,
853,18,2025-07-27,2.5999999046326,normal,sick,,10,
854,18,2024-12-11,2.7999999523163,high,healthy,,8,
855,18,2024-11-11,3.4000000953674,low,sick,,25,
856,18,2025-01-08,2.7999999523163,high,healthy,,13,
857,18,2025-04-05,2.5999999046326,low,healthy,,13,
858,18,2025-05-19,3.5999999046326,normal,healthy,,27,
859,18,2024-05-22,3.4000000953674,high,healthy,,24,
860,19,2025-03-02,2.5,normal,healthy,,6,
861,19,2025-06-29,2.9000000953674,high,healthy,,15,
862,19,2024-03-18,3.2000000476837,normal,healthy,,27,
863,19,2025-01-05,2.4000000953674,low,critical,,14,
864,19,2024-04-30,2.9000000953674,normal,healthy,,22,
865,19,2024-06-20,2.4000000953674,none,healthy,,28,
866,19,2026-01-15,2.9000000953674,low,healthy,,10,
867,19,2024-12-20,2.7000000476837,normal,healthy,,26,
868,19,2025-02-22,3.7000000476837,normal,healthy,,10,
869,19,2025-07-20,3.5,high,critical,,16,
870,19,2025-01-15,2.7999999523163,high,sick,,20,
871,19,2024-11-15,2.7000000476837,normal,healthy,,18,
872,19,2025-03-04,3.5,low,healthy,,23,
873,19,2025-10-13,3.2000000476837,low,healthy,,8,
874,19,2024-11-02,3.5999999046326,normal,healthy,,19,
875,19,2024-07-06,2.7000000476837,high,sick,,10,
876,19,2024-02-28,2.5999999046326,normal,healthy,,8,
877,19,2025-02-14,2.5,normal,healthy,,18,
878,19,2025-04-17,3,normal,healthy,,16,
879,19,2025-03-04,2.2000000476837,normal,healthy,,21,
880,19,2026-01-27,2.5,low,healthy,,10,
881,19,2024-07-03,3,high,sick,,20,
882,19,2024-06-18,2.7999999523163,normal,healthy,,13,
883,19,2026-02-02,2.4000000953674,normal,healthy,,26,
884,19,2024-10-02,3.7000000476837,normal,healthy,,8,
885,19,2025-12-13,2.4000000953674,normal,critical,,28,
886,19,2024-05-19,3.2000000476837,normal,healthy,,8,
887,19,2025-03-11,2.2000000476837,normal,healthy,,25,
888,19,2026-02-23,3,normal,healthy,,26,
889,19,2024-11-05,3.2999999523163,normal,healthy,,19,
890,19,2024-09-25,3.4000000953674,low,healthy,,19,
891,19,2024-06-11,3,high,healthy,,28,
892,19,2024-03-26,3.7000000476837,low,critical,,13,
893,19,2026-01-22,2.5,normal,sick,,14,
894,19,2025-10-09,3.5999999046326,low,healthy,,13,
895,19,2025-05-01,2.2000000476837,low,critical,,16,
896,19,2025-04-06,3.5,normal,healthy,,9,
897,19,2024-09-26,2.2000000476837,high,critical,,27,
898,19,2025-03-16,3.2999999523163,high,healthy,,17,
899,19,2024-07-16,3,high,healthy,,29,
900,19,2026-02-04,2.5999999046326,high,critical,,17,
901,19,2025-01-05,2.7000000476837,none,sick,,28,
902,19,2025-06-11,2.2000000476837,none,sick,,27,
903,19,2025-10-03,2.7000000476837,high,healthy,,7,
904,19,2024-10-23,2.4000000953674,normal,healthy,,27,
905,19,2024-03-20,2.4000000953674,normal,critical,,28,
906,19,2024-08-19,3.7000000476837,normal,sick,,22,
907,19,2024-04-26,2.9000000953674,normal,healthy,,22,
908,19,2026-01-31,2.2999999523163,normal,healthy,,10,
909,19,2025-05-15,2.7000000476837,normal,healthy,,8,
910,20,2025-11-25,2.5,normal,healthy,,11,
911,20,2024-03-02,2.5999999046326,high,healthy,,25,
912,20,2025-07-08,2.2999999523163,normal,healthy,,12,
913,20,2025-11-30,3.2000000476837,none,healthy,,5,
914,20,2025-02-17,2.9000000953674,low,healthy,,20,
915,20,2025-06-29,3.4000000953674,low,sick,,16,
916,20,2024-04-25,2.5999999046326,normal,healthy,,29,
917,20,2024-08-15,3.7000000476837,normal,healthy,,20,
918,20,2025-01-08,2.2000000476837,normal,healthy,,16,
919,20,2025-11-01,2.9000000953674,low,healthy,,8,
920,20,2025-08-15,3.5999999046326,normal,healthy,,28,
921,20,2024-03-15,2.2999999523163,normal,healthy,,19,
922,20,2025-06-14,2.2000000476837,high,healthy,,16,
923,20,2026-01-31,3.4000000953674,normal,sick,,12,
924,20,2024-03-01,2.4000000953674,normal,healthy,,15,
925,20,2025-01-31,2.9000000953674,normal,healthy,,27,
926,20,2024-04-06,2.2000000476837,normal,healthy,,7,
927,20,2025-09-04,3.7000000476837,high,healthy,,27,
928,20,2026-02-01,2.9000000953674,none,healthy,,6,
929,20,2024-12-26,3.2999999523163,low,healthy,,22,
930,20,2024-10-18,2.7999999523163,low,healthy,,12,
931,20,2025-12-26,3,normal,healthy,,19,
932,20,2024-05-30,3.2999999523163,low,healthy,,22,
933,20,2024-07-21,3.5999999046326,high,sick,,27,
934,20,2024-04-14,3.7999999523163,high,sick,,19,
935,20,2025-05-22,2.5999999046326,high,healthy,,23,
936,20,2024-09-27,2.5999999046326,normal,healthy,,7,
937,20,2025-06-13,3,normal,sick,,5,
938,20,2025-04-29,2.2000000476837,low,healthy,,8,
939,20,2025-08-01,2.2000000476837,normal,healthy,,22,
940,20,2024-12-12,3.5999999046326,normal,sick,,25,
941,20,2024-09-24,2.4000000953674,normal,healthy,,10,
942,20,2024-10-31,3.2000000476837,normal,healthy,,8,
943,20,2025-07-25,2.2000000476837,high,sick,,18,
944,20,2025-06-10,2.4000000953674,normal,critical,,17,
945,20,2025-02-01,2.5,normal,healthy,,21,
946,20,2025-08-26,2.5999999046326,normal,healthy,,10,
947,20,2025-01-09,2.5,high,healthy,,16,
948,20,2024-09-30,2.5,low,healthy,,27,
949,20,2025-04-22,2.9000000953674,low,sick,,25,
950,20,2025-02-19,2.4000000953674,none,healthy,,21,
951,20,2024-08-13,3.5999999046326,high,healthy,,8,
952,20,2024-08-28,2.7000000476837,normal,healthy,,29,
953,20,2024-07-30,2.2999999523163,none,healthy,,9,
954,20,2024-07-31,2.7999999523163,normal,healthy,,15,
955,20,2024-03-19,3.0999999046326,none,healthy,,29,
956,20,2025-06-03,3.5999999046326,normal,healthy,,17,
957,20,2025-01-07,2.7000000476837,none,healthy,,14,
958,20,2025-12-27,2.5999999046326,low,sick,,28,
959,20,2024-12-24,2.2999999523163,low,healthy,,6,
960,21,2024-12-01,3.5999999046326,normal,healthy,,19,
961,21,2025-05-19,2.5,low,healthy,,27,
962,21,2025-06-19,2.2999999523163,normal,healthy,,22,
963,21,2025-01-27,3.2000000476837,normal,critical,,26,
964,21,2025-07-11,2.2000000476837,high,healthy,,16,
965,21,2024-11-28,3.4000000953674,low,healthy,,13,
966,21,2025-08-20,2.5999999046326,normal,critical,,23,
967,21,2024-05-09,2.5999999046326,normal,healthy,,29,
968,21,2024-07-02,2.4000000953674,normal,critical,,27,
969,21,2024-10-24,3.2000000476837,normal,healthy,,26,
970,21,2024-03-05,2.7999999523163,none,healthy,,9,
971,21,2025-12-12,3.7000000476837,normal,healthy,,13,
972,21,2024-03-01,3.7999999523163,low,healthy,,15,
973,21,2024-07-02,3.7000000476837,high,critical,,8,
974,21,2026-01-31,3.2999999523163,normal,healthy,,13,
975,21,2025-08-31,2.5999999046326,normal,healthy,,12,
976,21,2024-10-07,3,normal,sick,,24,
977,21,2025-07-03,2.7000000476837,normal,healthy,,29,
978,21,2025-07-20,3.2000000476837,normal,healthy,,17,
979,21,2024-08-16,2.7999999523163,normal,healthy,,29,
980,21,2026-01-04,2.9000000953674,low,healthy,,29,
981,21,2025-02-16,3.2000000476837,normal,healthy,,5,
982,21,2024-03-21,3.4000000953674,low,healthy,,9,
983,21,2025-03-05,3.5999999046326,high,healthy,,5,
984,21,2024-07-12,2.2000000476837,low,healthy,,5,
985,21,2024-06-19,2.4000000953674,high,healthy,,9,
986,21,2025-08-24,3.2999999523163,low,critical,,9,
987,21,2025-12-10,2.2000000476837,low,healthy,,21,
988,21,2025-01-19,3.5,normal,sick,,16,
989,21,2025-12-22,2.2000000476837,low,healthy,,20,
990,21,2025-06-01,3.7999999523163,low,healthy,,17,
991,21,2024-06-27,3.2999999523163,high,healthy,,29,
992,21,2025-09-23,2.4000000953674,low,critical,,8,
993,21,2024-05-20,2.2000000476837,normal,healthy,,6,
994,21,2026-01-27,2.2999999523163,normal,sick,,23,
995,21,2026-02-06,3.7000000476837,normal,healthy,,17,
996,21,2024-09-28,2.2000000476837,none,sick,,6,
997,21,2024-06-14,2.4000000953674,high,critical,,22,
998,21,2024-12-11,3.5999999046326,normal,healthy,,13,
999,21,2025-07-11,3.2000000476837,high,healthy,,9,
1000,21,2025-02-12,2.2999999523163,normal,healthy,,9,
1001,21,2024-06-09,3.4000000953674,normal,sick,,15,
1002,21,2024-10-30,2.2999999523163,normal,healthy,,22,
1003,21,2025-09-20,2.2000000476837,normal,sick,,27,
1004,21,2026-01-16,3.2000000476837,none,sick,,25,
1005,21,2026-01-23,3.2999999523163,normal,healthy,,5,
1006,21,2024-03-20,3.4000000953674,low,healthy,,11,
1007,21,2024-05-31,3.0999999046326,high,sick,,22,
1008,21,2025-12-18,2.7999999523163,low,healthy,,8,
1009,21,2025-06-26,2.5999999046326,high,sick,,8,
1010,19,2026-04-07,14,normal,healthy,,14,
